{"cameraMode":{"drawMode":0,"name":"Shaded","section":"Shading Mode"},"sceneLighting":false,"audioPlay":false,"sceneViewState":{"showFog":true,"showMaterialUpdate":false,"showSkybox":false,"showFlares":true,"showImageEffects":true,"showParticleSystems":true},"in2DMode":false,"pivot":{"x":-0.013437867164611817,"y":1.0004851818084717,"z":0.4226774275302887},"rotation":{"x":0.191897913813591,"y":-0.43018555641174319,"z":0.0941208228468895,"w":0.8770751953125},"size":2.5390970706939699,"orthographic":true}