{"cameraMode":{"drawMode":0,"name":"Shaded","section":"Shading Mode"},"sceneLighting":false,"audioPlay":false,"sceneViewState":{"showFog":true,"showMaterialUpdate":false,"showSkybox":false,"showFlares":true,"showImageEffects":true,"showParticleSystems":true},"in2DMode":false,"pivot":{"x":0.12338327616453171,"y":1.4677734375,"z":0.06321495771408081},"rotation":{"x":0.18226408958435059,"y":-0.07954755425453186,"z":0.014795295894145966,"w":0.9799171686172485},"size":4.212832450866699,"orthographic":true}